{
  "entra.html": 1781676762.870472,
  "okta.html": 1781678348.5890365,
  "public.html": 1781669461.1427479
}